name,lat,lon
Terminal Elang,-6.9133505,107.5756825
Rumah Sakit Santo Borromeus B,-6.8948767,107.613435
Banceuy,-6.9187567,107.6065579
Sukagalih,-6.8922883,107.5903565
Perumnas Cijerah,-6.9298,107.5589046
Terminal Angkot Buah Batu-GBA,-6.9544022,107.6402849
UIN SGD/Cipadung,-6.9323756,107.7157532
Alun-alun Bandung,-6.9212854,107.607149
KPAD,-6.8679567,107.5862145
,-6.8916476,107.6026994
Rumah Sakit Santo Borromeus A,-6.8944686,107.6129282
Pussenif,-6.9079995,107.6306984
Seberang Kantor Kelurahan Arjuna,-6.9085147,107.5918925
Taman Lalu Lintas Kota Bandung,-6.9124464,107.613865
Stasiun Cimindi,-6.8962764,107.5605207
Mall d'Botanica,-6.8925026,107.5849629
Depan Terminal Cicaheum,-6.9022659,107.6568021
Pasar Sederhana,-6.8907401,107.5995862
Pangkalan Angkot Cimindi,-6.8953708,107.5602144
RSAU dr. Salamun,-6.8635935,107.6049365
Simpang Soetta Kiaracondong,-6.945948,107.6408655
PT INTI B (BKR 5),-6.9374679,107.6067581
Sekolah Ganesha,-6.9391033,107.6062243
Terminal Dago,-6.8670976,107.6212499
Taman Budaya,-6.8682486,107.6204881
SPBU Dago Atas,-6.8686294,107.6206901
SMP Negeri 2 Bandung,-6.9144392,107.6140378
Jalan Jati,-6.9262034,107.6126685
UNPAS Lengkong Besar,-6.9290682,107.613063
SDN 020 Lengkong Besar,-6.9304315,107.6129073
Terminal Abdul Muis/Kebon Kalapa,-6.9276218,107.6058721
Danamon Cikapayang,-6.8995199,107.6128298
Kanayakan,-6.8775126,107.6173539
Dago Pojok,-6.8744812,107.6189415
BTM,-6.9113638,107.6435561
Pegadaian Kiaracondong,-6.9303632,107.6440355
Simpang Samsat Kiaracondong,-6.9449417,107.6427786
Jasa Raharja Jabar,-6.9400293,107.6582421
UNPAD Dipatiukur,-6.892885,107.6180829
Lapangan Gasibu A,-6.901132,107.6199289
PUSDAI A,-6.9010136,107.6241889
Riau Cihapit,-6.9082156,107.6238571
Tugu Tunas Taman Pramuka,-6.9105838,107.6265198
Anggrek,-6.9129624,107.6285986
Simpang Supratman - Ahmad Yani,-6.9131125,107.6347767
DPRD Kota Bandung,-6.9157665,107.6345341
Bandung Creative Hub B,-6.9184662,107.631219
Seberang Stadion Siliwangi,-6.9110001,107.618398
Simpang Pasar Palasari,-6.9304294,107.6225299
Simpang Turangga Martanegara,-6.9344181,107.6336654
Seberang TK Kartika X-2 Jalan Turangga,-6.928207,107.6358621
Muararajeun Baru,-6.906013,107.6304694
Griya Pahlawan,-6.9002914,107.6342946
Seberang Griya Pahlawan,-6.9002864,107.6341557
Taman Makam Pahlawan Cikutra,-6.8928501,107.6356478
Sukasenang Raya 1,-6.8985385,107.6371687
Sukasenang Raya 2,-6.8983854,107.6370948
Sukapada,-6.8999587,107.6439455
Terminal Cicaheum,-6.9023065,107.6566046
Masjid An Nur PT INTI,-6.9377495,107.6084278
Lauk Emas,-6.9301524,107.616466
PMI Kota Bandung,-6.9089241,107.6195289
STHB,-6.9062374,107.6043014
Pasar Kembang Wastukencana,-6.9048877,107.6072906
Cihampelas Eyckman,-6.8959112,107.6040037
RS Advent,-6.8916549,107.6025685
Gandok,-6.8835718,107.6056867
Sukawangi,-6.8780721,107.596174
Simpang Gegerkalong Hilir,-6.8693777,107.5936354
Museum Pendidikan Nasional UPI,-6.8600465,107.5946739
Gelap Nyawang,-6.8943964,107.6085894
Pelesiran,-6.8970569,107.6095652
Balubur Town Square,-6.8987075,107.6092842
Ciliwung,-6.9040712,107.6281786
Muararajeun,-6.9039581,107.6283242
Lapangan Gasibu B,-6.9013276,107.6201481
PUSDAI B,-6.9012082,107.6241716
Istana Plaza,-6.9050239,107.5974769
Depan Istana Plaza,-6.9054463,107.59766
Dapen Telkom,-6.899801,107.6285878
Garunggang Kulon,-6.8989255,107.5972577
Djunjunan Paskal,-6.9004402,107.5968182
IWU,-6.9015756,107.5973584
Seberang IWU,-6.9013063,107.5975125
Husein Pajajaran,-6.9069438,107.5881929
Paskal RSHS,-6.8982418,107.5974486
Stasiun Ciroyom,-6.9141618,107.5890996
Borma Antapani,-6.9128635,107.6494872
GOR Padjajaran,-6.9069123,107.6018432
Jaya Plaza,-6.9173661,107.6268117
Terminal Antapani,-6.9152054,107.665817
Terminal Sadang Serang,-6.8912725,107.6249697
Junction 8 Sukajadi,-6.8839703,107.5967067
Borma Pasirimpun,-6.9046867,107.6759239
Gerbang Pusjatan,-6.9071785,107.6856668
SDN Andir Kidul,-6.913719,107.6955416
SDN Cikadut,-6.9039605,107.6656608
Cikudapateuh,-6.9187119,107.6245892
Pangkalan Angkot Panghegar,-6.9237767,107.6835637
Pasar Kosambi,-6.9198411,107.6221462
Lapas Sukamiskin,-6.9046706,107.6749963
Terminal Ujungberung,-6.9140518,107.7027758
Lapangan Seni Rupa,-6.8931418,107.610915
Unisba,-6.90457,107.6080404
Pasar Induk Gedebage,-6.9364203,107.6972651
UIN SGD/Cipadung,-6.9323418,107.7158048
Terminal Elang Damri,-6.9145242,107.5753528
Perumnas Cijerah,-6.9298246,107.5589175
Puskesmas Kopo,-6.9463291,107.589276
Karanganyar,-6.9226452,107.5985172
Pasar Astana Anyar,-6.9307099,107.6012379
Pasar Astana Anyar,-6.9306827,107.601334
Yayasan LPPN,-6.9156895,107.5853882
Paskal 23,-6.9155756,107.5980816
Simpang Derwati,-6.9667117,107.6866808
SMP Negeri 51 Bandung,-6.9644956,107.6798153
Pandanwangi,-6.9554886,107.6518404
Ciwastra Pluto Raya,-6.9597306,107.6615272
Simpang Kordon Buah Batu,-6.954353,107.6393855
PT LEN Industri A,-6.949139,107.6190269
Pasirluyu Selatan/Sukaati,-6.9493037,107.6213691
Leuwipanjang Soekarno Hatta,-6.946792,107.5934452
STIE Inaba,-6.9494319,107.6228417
Taman Westhoff,-6.9010407,107.5981847
Simpang Dakota,-6.8935277,107.5725593
BPJS Pasteur,-6.8921945,107.5829083
Sukagalih PVJ,-6.8913252,107.5968917
Maranatha,-6.8857326,107.5813271
Simpang Sarimanah Sariasih,-6.8763753,107.5782658
Pasar Cibogo Sarijadi,-6.8826172,107.5751341
Terminal Bumi Asri,-6.9325142,107.5508136
BKR Buah Batu,-6.9363191,107.6232892
Cipagalo,-6.965731,107.63796
Seberang ISBI Bandung,-6.9426484,107.6282551
UNPAR,-6.8753453,107.604545
SD Negeri 005 Babakan Ciparay,-6.9490743,107.587264
Paledang,-6.9058033,107.566368
Pasar Baru,-6.9164456,107.6045276
Simpang Buah Batu BKR,-6.9374405,107.6222837
Jalan Haji Tatang Sumantri,-6.9546803,107.6114323
Dipatiukur,-6.8923042,107.6178302
Bulog Gedebage,-6.9402847,107.6921548
Kawaluyaan,-6.9389469,107.6635447
Dinas Pendidikan Kota Bandung,-6.9164091,107.6286916
Monumen 0 KM Kota Bandung,-6.9216731,107.6110208
Seberang Terminal Cicaheum,-6.9020762,107.6567951
Surapati Core,-6.9018313,107.6525389
Stadion Persib Sidolig,-6.9163321,107.6291928
RS Al Islam,-6.9388706,107.6693348
Makmur,-6.8941076,107.5990044
Setiabudi Hegarmanah,-6.8829191,107.6023677
Seberang  Museum Geologi,-6.9012818,107.6211108
SPBU Ibrahim Adjie,-6.9429006,107.6421592
Stasiun Hall,-6.9160396,107.602443
Ditjen Bina Konstruksi Kementerian PU,-6.9069055,107.622935
Banda Saparua,-6.9072421,107.61695
Riau Junction,-6.9069916,107.6116846
SDN Babakan Tarogong,-6.9384699,107.5940999
Festival Citylink,-6.9291833,107.5871614
Gasibu,-6.8992242,107.6179718
Panatayudha B,-6.8979463,107.6161299
Rumah Sakit Santo Borromeus,-6.8942995,107.613073
Masjid Baiturrahman,-6.8866077,107.6150134
Cikapayang Dago 2,-6.8988066,107.6135041
Babakan Siliwangi,-6.8851544,107.6115122
SMAN 1 Bandung,-6.8954684,107.612791
Sabuga ITB,-6.8877112,107.6092292
Tamansari ITB,-6.8898031,107.6081075
Tamansari (Bonbin),-6.8933358,107.6083233
Cikapayang Dago 1,-6.8990682,107.612053
SDN 065 Cihampelas,-6.8870174,107.6041117
Distan Jabar,-6.8991317,107.6225183
Pet Park,-6.9048721,107.6264722
SMK Negeri 1 Bandung,-6.913012,107.6089856
SDN 062 Ciujung Bandung (Lapangan Supratman B),-6.9072435,107.6296905
SMPN 14 Bandung (Lapangan Supratman A),-6.9081075,107.630157
Abdurachman Saleh,-6.9075137,107.583161
Supratman 1,-6.9102039,107.6321664
Panatayudha A,-6.8979268,107.6162121
Jalan Budi,-6.8921787,107.5580608
SMAN 13 Bandung A,-6.9033251,107.5648355
Rajawali Barat,-6.9108914,107.5701692
Plaza Telkom Rajawali,-6.9129112,107.5754041
Hotel Horison A,-6.9343466,107.6253125
Hotel Horison B,-6.9342818,107.6251519
Simpang By Pass Soekarno Hatta B,-6.9483976,107.6087474
SPBU Moh. Toha,-6.9546052,107.6115668
SPBU Ahmad Yani,-6.9129503,107.6339249
Kantor Pos Banceuy,-6.9205635,107.6064724
Kartikasari A,-6.8975222,107.6127527
Bandung Indah Plaza,-6.9088987,107.6107066
Merdeka,-6.9127381,107.6105131
Bank Indonesia,-6.9145476,107.6090706
Perintis Kemerdekaan,-6.9139566,107.6078989
Stasiun Timur,-6.9153549,107.6044803
Riau XL,-6.9067978,107.6096233
Linggawastu,-6.9039636,107.6053609
ITC Kebon Kalapa,-6.926731,107.6059089
Karasak Lama,-6.9479444,107.6021925
Seberang SMAN 4 Bandung,-6.919464,107.5982644
SMK Medikacom,-6.9437949,107.6464771
STT Mandala,-6.9446125,107.6438752
Sekejati,-6.9397909,107.642373
Kebon Kangkung 11,-6.9380524,107.6424665
Seberang UIN Sunan Gunung Djati,-6.9325104,107.715754
Borma Cipadung,-6.9265413,107.7108139
Gang H.M. Syarief,-6.9043787,107.6718944
Sulaksana,-6.9050201,107.6501141
Seberang Gateway Cicadas,-6.9073358,107.6459615
BCA Cimuncang,-6.9061022,107.6483487
Jalaprang,-6.8982766,107.6321152
Griya Kiaracondong,-6.922166,107.644463
Segitiga Mas,-6.9178881,107.6258492
Terminal Angkot Cicaheum,-6.9024362,107.6562115
Seberang Griya Kiaracondong,-6.9220974,107.6442589
SMKN 9 Bandung,-6.9404659,107.6568963
Kebon Waru,-6.9145037,107.6382039
MUJ Jalan Banten,-6.914282,107.6399073
Daese Garmin,-6.9194503,107.6440979
Flyover Antapani,-6.9139486,107.6429873
Poltekpar NHI,-6.868262,107.5937728
SMK Negeri 12 Bandung,-6.9070245,107.592526
Padjajaran 2,-6.9069702,107.5941122
Sukamanah,-6.9196251,107.5937395
Simpang Otista Astana Anyar,-6.93537,107.6032818
Taman Tegallega,-6.934006,107.6033297
Seberang Museum Sri Baduga,-6.9372643,107.6039406
Muhammad Toha 1 (PT INTI A),-6.9390173,107.6063452
TK Kemala Bhayangkari,-6.9454217,107.6083271
Taman Buah Batu,-6.9484506,107.6339645
Bundaran Cibiru,-6.9353841,107.7175884
FTI ITB,-6.888821,107.6081209
BATAN,-6.8888321,107.6080726
Sangkuriang,-6.884347,107.611575
STMIK LIKMI,-6.8955412,107.6129933
Kartikasari B,-6.8975176,107.6129141
La Belle Cikapayang,-6.8995138,107.6126412
Superindo Dago,-6.9018271,107.6119221
Seberang Superindo Dago,-6.9017456,107.6117925
Bandros Alun-alun,-6.9224368,107.6072114
Simpang Gedebage,-6.9372789,107.6915537
Simpang Surya Sumantri Pasteur,-6.8915583,107.581272
SDN Pajajaran,-6.906799,107.6000469
Kimia Farma Cicendo,-6.9078665,107.6045445
Pajajaran Timur,-6.907241,107.6051423
Stasiun Bandung,-6.9126596,107.6029202
GOR KONI,-6.914741,107.6362581
IBCC,-6.9143539,107.6328349
Jalan Bengawan,-6.9140157,107.6331754
Jalan Mangga,-6.9150747,107.6310523
Jembar Awi Bitung,-6.9106371,107.6395012
Simpang Cikaso - Bogor,-6.9118447,107.6372176
Simpang Laswi Gatot Subroto 2,-6.9236573,107.6278986
Simpang Laswi Gatot Subroto 1,-6.9235994,107.6282475
Jalan Kangkung,-6.9308256,107.6260305
Seberang Jalan Kangkung,-6.9308795,107.6262234
Patung Ikan,-6.9375753,107.610195
Taman Tegalega 3,-6.9365605,107.6062226
Pasar Tegalega,-6.9368521,107.6063222
Pintu Masuk Terminal Tegallega,-6.9338748,107.6023928
Muara,-6.9375749,107.5998468
Shuttle Summarecon Mall Bandung,-6.9553491,107.6966188
Pangkalan Angkot Bumi Panyileukan,-6.9466265,107.7128837
Taman Pramuka,-6.9106586,107.6275307
Dalem Kaum,-6.9219917,107.6040641
UNIKOM Pascasarjana,-6.8858245,107.6137732
Museum Kota Bandung,-6.9100874,107.609698
Stasiun Cimekar 2,-6.9482861,107.7099396
Seberang UNIKOM,-6.8873771,107.6151751
Jalan Ibu Inggit Garnasih,-6.9314493,107.6039255
Simpang Mohamad Toha Biddokkes,-6.9376268,107.6055045
Rumah Sakit Immanuel B,-6.9373737,107.5955215
Astana Anyar RSIA Kota Bandung,-6.9293733,107.600639
Hotel Grand Tebu,-6.9134182,107.6291595
Bandung Creative Hub A,-6.918349,107.6313724
Simpang By Pass Soekarno Hatta A,-6.9473658,107.6091213
GKI Anugerah,-6.9200655,107.59751
KEB Hana Bank,-6.920606,107.6020606
Mayapada Tower,-6.9193943,107.5917304
Toko Ambon,-6.9186691,107.5855174
Kemenag Kanwil Jabar,-6.9176446,107.5771095
Optik Krida,-6.9155783,107.5720023
Sudirman 3,-6.9115427,107.5695853
Simpang Banda Riau,-6.9063977,107.6159615
SMA Kartika,-6.9095119,107.6267411
Summarecon Mall Bandung,-6.9555627,107.6991618
Rajawali 1,-6.9137093,107.5782084
Dunguscariang,-6.914862,107.5829074
SMA Trinitas,-6.9164853,107.5917182
Rumah Sakit Kebon Jati,-6.9162875,107.5966128
GKI Kebonjati,-6.9162271,107.5988525
SMA Pasundan,-6.9161651,107.599586
Lembong,-6.9164083,107.6098295
RSU Bungsu,-6.9182109,107.6133144
Seberang Pasar Kosambi,-6.9199678,107.6221927
Kantor Pos Kosambi,-6.9192619,107.6235428
Seberang Borma Antapani,-6.9130608,107.6492732
Katapang Kaler,-6.921077,107.6198025
Katapang Kaler 1,-6.9212009,107.6198657
Simpang Lima Asia Afrika,-6.9223111,107.6162145
Simpang Sudirman,-6.920813,107.603822
Simpang Jamika,-6.9188722,107.5874464
SMAN 6 Bandung,-6.9114176,107.5978589
Bandung Electronic Center,-6.9081566,107.6094288
Taman Sejarah Balai Kota Bandung,-6.9104333,107.6106485
Hotel The-One-O-One A,-6.9064821,107.6104987
Hotel The-One-O-One B,-6.9065967,107.6106928
Toko Mas ABC,-6.9230321,107.6040007
Simpang Ijan,-6.9280476,107.6036723
Taman Tegallega,-6.9364866,107.6030151
Madurasa Tengah,-6.9451896,107.6084009
Rumah Sakit Immanuel A,-6.9371915,107.5956852
Hotel Grand Pasundan,-6.9361205,107.5933874
Bumi Kopo Kencana,-6.9335898,107.5905118
Simpang Pasir Koja,-6.9270868,107.5849703
SPBU Pasir Koja,-6.9292794,107.579296
Sumber Sari Junction,-6.9323917,107.5767037
Pasar Induk Caringin,-6.9418656,107.5831695
Grand Yogya Kepatihan,-6.923845,107.6062023
PLN UP3 Bandung B,-6.9484533,107.6121647
LPKIA B,-6.9494075,107.6248232
Bangunan Mart B,-6.9492972,107.628094
Swadarma BNI,-6.950362,107.6358162
Pasar Kordon B,-6.9534628,107.6387339
Bluebird B,-6.9584133,107.6395287
Puskesmas Kujangsari B,-6.9649738,107.6381537
Unpad Kampus Iwa Koesoemasoemantri,-6.8932886,107.6178786
Cibarengkok,-6.8960705,107.5971627
Jalan Merak,-6.8991893,107.6204455
Puskesmas Kujangsari A,-6.9647745,107.6379913
Bluebird A,-6.9576973,107.6394485
Pasar Kordon A,-6.9542,107.6388882
JAPNAS,-6.9512527,107.6364471
Medal Sekarwangi,-6.9484832,107.6323261
Bangunan Mart A,-6.9494917,107.6281594
LPKIA A,-6.9495579,107.6242341
PLN UP3 Bandung A,-6.9486572,107.6120894
Karangsetra Waterland,-6.879034,107.5952327
Holis 2,-6.9248748,107.5749968
Jalan Panaitan,-6.9194439,107.617851
SMA Negeri 3 dan 5 Bandung,-6.9120262,107.6150543
Tamblong,-6.9189897,107.6124026
Pasar Caringin,-6.9419488,107.5829502
Simpang Tol Pasirkoja,-6.9299302,107.577006
Cimuncang,-6.9017562,107.6490456
Cikutra,-6.8998699,107.6426541
BKKBN,-6.8983461,107.6325214
SMPN 63 Kota Bandung,-6.8999494,107.629359
Wisma BKN,-6.8993034,107.6222946
Griya Pasteur 1,-6.8951325,107.5884158
Lemahneundeut,-6.8813132,107.5786866
Sarijadi,-6.8816157,107.5784171
Setrasari,-6.8821935,107.5815739
GKI Pasteur,-6.9001777,107.6027221
Tamansari Cikapayang,-6.8981855,107.6101358
Sekolah Pribadi,-6.8991824,107.6404694
Panyileukan,-6.9358084,107.7121641
Cimincrang,-6.9361993,107.7064259
Shakti,-6.9368707,107.697091
Cipamokolan,-6.9383287,107.676837
Ranca Mekar,-6.9381511,107.6794103
Komplek Aria Graha,-6.9386008,107.6729063
Metro Soekarno Hatta,-6.9390576,107.6666635
Rancabolang,-6.9393267,107.6633158
SMKN 7 Bandung,-6.9398654,107.6601932
BPN Kanwil Jabar,-6.9407366,107.6571056
Kantor Pos Sekejati,-6.9427595,107.6506832
Universitas Islam Nusantara,-6.9448872,107.6441077
SPBU Simpang Buah Batu Soekarno Hatta,-6.947564,107.6353127
SDN Moh. Toha,-6.9301233,107.6067372
Stasiun Cikudapateuh,-6.918959,107.6258168
Magna,-6.9568639,107.6879972
Taman Radio B,-6.9025294,107.6116276
Taman Radio A,-6.9024749,107.6114965
Terminal Leuwipanjang,-6.9459897,107.5932021
SDN Raya Barat,-6.9184323,107.5833305
Batas Kota,-6.9109319,107.5693298
ITENAS,-6.8981794,107.6362141
Warung Cepot,-6.8924096,107.5832441
Pangkalan DAMRI Cibiru,-6.933541,107.716247
Komplek Sarimas,-6.9047492,107.6723164
Holis 1,-6.9251928,107.5752801
Sumbersari 1,-6.9313093,107.5763409
Griya Sumbersari,-6.9325703,107.5765441
Simpang Caringin,-6.9433476,107.5850896
Seberang Terminal Leuwipanjang,-6.9469636,107.5929715
Sekolah Al-Azhar Summarecon,-6.9605166,107.7014518
Dayana,-6.9629584,107.7021527
Pasar Sinpasa,-6.9523642,107.6977362
PT LEN Industri B,-6.9489281,107.6191679
RSUD Bandung Kiwari,-6.9431401,107.5913639
Sarimanah,-6.8814943,107.5764412
Griya Pasteur 2,-6.8948348,107.5884023
PVMBG,-6.8993861,107.6203681
Muara A,-6.9370496,107.6020301
Seberang Kiara Artha,-6.9146677,107.6439103
Barat Simpang Kopo Caringin,-6.9467495,107.5879393
Terminal Cibaduyut,-6.9617764,107.5938174
Simpang Holis Soekarno Hatta,-6.9236327,107.575072
Surya Kencana,-6.8947864,107.6144034
,-6.9612061,107.666414
Mesjid Jami Al Hamidah Cibolerang,-6.948729,107.5656564
RSUD Ujungberung,-6.9158647,107.6992411
Simpang Gedebage Selatan,-6.9377899,107.6926176
Simpang Gegerkalong Hilir,-6.8703894,107.5929717
Taman Adipura,-6.9067277,107.599217
SDN 013 Pajajaran,-6.9081011,107.5976036
Simpang H. Mesri - Kebon Kawung 1,-6.9125566,107.6007131
Balai Bahasa Jawa Barat,-6.913675,107.6172832
Taman Musik Jalan Sumbawa,-6.9123329,107.6164338
Yogya Jalan Sunda,-6.917894,107.6180035
Unla,-6.9311247,107.6156953
Banteng Sadakeling,-6.9315741,107.6183241
SMK Medina,-6.9313205,107.6190558
Museum Mandala Wangsit Siliwangi,-6.9170338,107.6111296
SD Negeri Merdeka,-6.9156326,107.6102154
STIE Ekuitas,-6.8985904,107.6378635
YPKP Sanggabuana,-6.8994024,107.6407505
Seberang Borma Pasirimpun,-6.9048163,107.6758571
Pusjatan,-6.907616,107.6867053
UPTD Laboratorium Lingkungan Hidup,-6.9073352,107.6864987
Seberang SMAN 24 Bandung,-6.9084569,107.6881483
Seberang Jalan Pasar Induk,-6.9308254,107.6934648
Universitas Bhakti Kencana,-6.9355706,107.7099587
SDN 050 Cibiru,-6.9342099,107.7214988
SDN Cipadung,-6.9316136,107.7137994
Seberang Borma Cipadung,-6.926185,107.7108807
SDN Ciporeat,-6.9174054,107.7062374
Yayasan Kemala Bhayangkari,-6.9318511,107.6221315
GOR Lodaya,-6.9316564,107.620362
RS Imanuel Pintu Kopo,-6.9353514,107.5957948
Samsudin,-6.9374989,107.6083033
SD Al-Azhar 36 Bandung,-6.9277142,107.6233702
Taman Pers Malabar 2,-6.9256325,107.6238594
Aneka Jeans,-6.9242838,107.6268278
Sumber Rasa,-6.9244476,107.6269483
Simpang Astanaanyar Pasirkoja,-6.92649,107.5996134
Cibadak Astanaanyar,-6.9209381,107.5983281
Pasar Cimol Gedebage,-6.9325009,107.6970634
Unibi,-6.9424944,107.650502
Cidurian Utara,-6.9417291,107.6528521
Cidurian 1,-6.9420488,107.652937
Suparma,-6.939521,107.6601431
Jalan H. Basuki,-6.9443078,107.641823
Borma Kiaracondong,-6.9427684,107.6419391
Seberang Jalan Sekejati,-6.9399639,107.6421397
KPP Madya Dua Bandung,-6.9383596,107.6422267
SDN 38 Kiaracondong,-6.9334238,107.6429612
Jalan PSM,-6.9274181,107.6444787
SDN 083 Babakan Surabaya Selatan,-6.9196249,107.6443409
Gerbang Timur Kiara Artha Park,-6.9161771,107.6437843
Sanggar Hurip,-6.9386898,107.6672688
Guruminda,-6.9379563,107.677595
KPP Pratama Cicadas,-6.937792,107.679421
Metro Indah Mall,-6.9404384,107.6580287
Gagak Rimang,-6.9401293,107.6590763
DPPKB Kota Bandung,-6.9342059,107.6267786
Disnaker Jabar,-6.9441132,107.6464815
Sekelimus 1,-6.9463564,107.6384357
Sekelimus Tengah,-6.9466899,107.6381374
Simpang Buah Batu Soekarno Hatta 1,-6.9474617,107.6348776
Mengger Girang,-6.9487604,107.6136896
Karasak Utara,-6.9480356,107.6067108
Ampera Soekarno Hatta,-6.9481562,107.6050951
Seberang Ampera Soekarno Hatta,-6.9479462,107.6051473
Inhoftank,-6.9477541,107.602818
Seberang Selontongan,-6.9400956,107.6256333
Selontongan,-6.9402261,107.6259615
ISBI Bandung,-6.9426293,107.6280141
Seberang Jalan Guntursari Wetan,-6.9469011,107.6321384
Pasundan,-6.9277857,107.6089283
SMP Negeri 43 Bandung,-6.9257638,107.606724
Seberang Unpas Setiabudi,-6.8664267,107.5940026
Gegerkalong Girang,-6.8653047,107.5939775
BPK Penabur,-6.9033999,107.5974143
Seberang BPK Penabur,-6.9033854,107.5975935
Polsek Sukajadi,-6.887918,107.5967048
Mandiri Sukajadi,-6.8834895,107.5964387
Borma Setiabudhi,-6.8746215,107.5962774
SMPN 15 Bandung,-6.8740452,107.5956946
RS Advent,-6.8916704,107.6038557
Jalan Haji Safari,-6.9248345,107.5990538
Masjid Besar Cipaganti,-6.8948163,107.6025935
Abdul Rivai,-6.904457,107.6038096
Masjid Al-Ukhuwwah,-6.9111659,107.6090127
Wastukencana Purnawarman,-6.9089046,107.6079144
Seberang Gateway Pasteur,-6.889237,107.5669131
Mentor,-6.8897535,107.5698857
Borma Dakota,-6.8909024,107.5721443
SDN Sukaraja,-6.891568,107.5786354
Djundjunan 3,-6.8929271,107.585783
Seberang Gang Pelita,-6.9157893,107.5711605
Sunson Cijerah,-6.9178505,107.570801
Seberang SDN 093 Tunas Harapan Cijerah,-6.921419,107.5695538
SDN 061 Cijerah,-6.921786,107.569027
Masjid Jami Al Istiqomah,-6.9225319,107.5684056
Simpang Bojong Raya,-6.9267717,107.5661299
Holis Regency,-6.9376108,107.5700989
Griya Holis,-6.9417866,107.5675292
TVRI Bandung,-6.9590518,107.5936258
Barat Simpang Imanuel,-6.9367279,107.5942651
Sekolah BPI,-6.9236547,107.6199108
Dinas Perhubungan Provinsi Jawa Barat,-6.9181684,107.6325056
RSIA Grha Bunda,-6.9133463,107.6455435
Stikes Dharma Husada,-6.9126697,107.6507388
bjb Antapani,-6.9123298,107.6537762
Kantor Kecamatan Sumurbandung,-6.9131504,107.6177296
Graha Manggala Siliwangi,-6.9090628,107.6195685
Pengadilan Negeri Bandung,-6.9063523,107.6220118
Seberang Pengadilan Negeri Bandung,-6.9062679,107.6220251
bjb Riau,-6.9093413,107.6252161
Taman Pramuka,-6.9105382,107.6266034
SMPN 22 Bandung,-6.9121909,107.6337376
Supratman Cikaso,-6.9102843,107.6324629
Ganesha Ciungwanara,-6.8935654,107.6121291
Masjid Salman ITB,-6.8934006,107.6113069
ITB Ganesha A,-6.8934125,107.6095893
ITB Ganesha B,-6.8933053,107.6094548
GKBI Andir,-6.911862,107.5780454
Sumur Bandung,-6.8857042,107.6127635
Mustika Hegar,-6.9554366,107.6521438
SDN 069 Cipamokolan Derwati,-6.9648659,107.6832089
Seberang Jalan Warta,-6.9259247,107.6326457
Jalan Gagak,-6.899143,107.6234856
Taman Pusdai,-6.8993329,107.6261334
Seberang Imigrasi Bandung,-6.8987917,107.6312146
Simpang Jalaprang,-6.8985429,107.6318144
SDN 151 Sukasenang,-6.8982702,107.6360403
Bekamin,-6.899604,107.6416785
Sukapada 2,-6.9002214,107.6446584
Silver Kris,-6.9091197,107.6843493
Yuntex Raya,-6.9099811,107.6841066
KUA Arcamanik,-6.9238911,107.6836153
SMK YPF,-6.9206572,107.684211
K.H. Djunaedi,-6.922572,107.6839756
Depan Pasar Gedebage,-6.9365236,107.6972979
Simpang Dipatiukur Hasanudin,-6.8950588,107.6171525
Magister Manajemen UNPAD,-6.8950518,107.6172906
Terminal Ledeng,-6.8593363,107.5952357
Terminal Ledeng Sersan Bajuri,-6.8582467,107.5945252
Terminal Margahayu Raya,-6.9465146,107.6626665
Seberang Poltekesos,-6.8725613,107.6199112
Pahlawan Sidomukti,-6.8933267,107.6354644
Rumah Sakit Murni Teguh Naripan,-6.9207627,107.6160069
Melong Karapitan,-6.9301952,107.6159803
Karapitan Cikawao,-6.9282793,107.6165089
Karapitan Paledang,-6.9250827,107.6172397
Karapitan Emung,-6.9270695,107.6168104
Hotel Santika,-6.9072012,107.6119337
Taman Vanda,-6.9139939,107.6100259
SPBU Paskal,-6.8978443,107.5972499
Gereja Santo Laurentius,-6.8756183,107.5960099
Gerbang Utara ITB,-6.8876862,107.6105329
Jalan Salam,-6.9088504,107.6283345
Jalan Suren,-6.9088189,107.6282322
Seberang Telkom Supratman,-6.9063094,107.6296222
Stadion Siliwangi,-6.9111882,107.6184783
JPO Cibangkong,-6.9279941,107.6368253
RSGM Kota Bandung,-6.9064225,107.6144019
Yayasan Taruna Bakti,-6.9061442,107.6183806
HKBP Riau,-6.9087381,107.6245675
Riau Aceh,-6.9098034,107.625702
TK Taruna Bakti,-6.9058903,107.6195327
Seberang Hotel Grand Tebu,-6.913524,107.6290717
Graha Pos,-6.9061971,107.6173413
Heritage,-6.9061,107.6174072
Riau Serayu,-6.9089973,107.6250595
De Pavilijoen,-6.9059305,107.6207208
Jalan Putri,-6.9229597,107.6214036
Aceh Taman Pramuka,-6.9103166,107.6256125
Simpang Reog - Martanegara 2,-6.9341861,107.6327112
Simpang Talaga Bodas - Patuha,-6.9287798,107.6238453
Simpang Talaga Bodas - Terusan Galunggung,-6.9291283,107.6248368
Seberang Trans Studio Mall,-6.9274681,107.6354788
Seberang STIE Pasundan,-6.9321591,107.6347708
Tugu PKK Citarum,-6.9017801,107.6248834
Seberang SMAN 20 Bandung,-6.904583,107.6225787
Utara Simpang Lombok Aceh,-6.9085186,107.6190478
Sulanjana Rangga Malela,-6.8996323,107.6106242
Seberang Griya Buah Batu,-6.9411852,107.6266528
Universitas Aisyiyah,-6.9281529,107.6231502
SMK Negeri 8 Bandung,-6.9401168,107.6287836
SMK Negeri 4 Bandung,-6.9412489,107.6285836
Griya Buah Batu,-6.9412131,107.6268846
Seberang SMK Negeri 8 Bandung,-6.9401915,107.6288499
Simpang Samoja - Malabar,-6.9204894,107.6244182
SMA Negeri 17 Bandung,-6.9440044,107.5745442
Ganesha Tamansari,-6.8934994,107.6085059
Stasiun Cimindi,-6.8962517,107.5605316
Terminal Tegallega,-6.933836,107.6027633
Terminal Tegallega,-6.9340575,107.6028851
Dago Asri A,-6.8789379,107.6164778
BRI Sukamulya,-6.8969843,107.59155
Mohammad Toha Pelindung Hewan,-6.9412286,107.6070572
Dispora Kota Bandung,-6.8963815,107.6095682
Timur Simpang Batununggal,-6.9493585,107.6268675
STFI,-6.949166,107.6299527
Gang Maleer Timur III,-6.9305425,107.6399921
DPKP Kota Bandung,-6.9454826,107.5831138
Kebon Jati Kelenteng,-6.9164034,107.5934263
Seberang ITHB,-6.8891265,107.6158112
Rumah Sakit Santosa,-6.9161094,107.6010492
Simpang Kebon Kopi,-6.9052206,107.5660363
Sekolah Advent Cimindi,-6.9011067,107.563525
Puskesmas Cipamokolan,-6.9470761,107.6761996
Bulog Kancab Bandung,-6.9389832,107.6773523
STMIK Jabar,-6.937787,107.6773204
P Hostel,-6.937323,107.6021723
Jalan Melania,-6.8992927,107.6245224
Kebon Kangkung,-6.9370393,107.6425401
Jalan Cianjur,-6.9158066,107.6344029
Simpang Flyover Antapani,-6.9148793,107.6436764
Gerbang Utara Kiara Artha Park,-6.9140697,107.6415111
Kota Kembang Permai,-6.914655,107.6368217
Pasar Kosambi Jalan Baranang Siang,-6.920233,107.6216927
Seberang Jalan Melania RRI Bandung,-6.9012477,107.6233825
Gang Jaya,-6.9294131,107.6036008
Pasar Selatan,-6.9186054,107.60432
Pusdiklat Geologi Cisitu,-6.8796827,107.6120926
Bandung Zoo,-6.8897572,107.6080109
Karapitan—Lengkong Kecil,-6.9242262,107.6173328
Pos Polisi Cicadas,-6.9092061,107.6433618
Simpang Cicadas Kiaracondong,-6.9099775,107.6434456
Gateway Cicadas,-6.9073722,107.6456157
Babakan Tamim,-6.9063598,107.647561
Cimuncang,-6.9057557,107.6487318
Polsek Cibeunying Kidul,-6.9031087,107.6536855
Simpang Cicaheum,-6.9025749,107.6549888
Taman Gaya Karangsari,-6.8811684,107.5987229
Timur Simpang Sarimanah Sariasih,-6.8760171,107.5781212
Sukamulya,-6.894602,107.5881189
Terminal Elang,-6.913547,107.5755952
Stikom Bandung,-6.9122551,107.6436115
Seberang SMP Negeri 22 Bandung,-6.9119823,107.6333427
Seberang Jalan Bengawan,-6.9139834,107.6335305
Sancta Angela Supratman,-6.9113345,107.6328775
Kantor Pos Kebonwaru,-6.9143665,107.6391816
Depan Terminal Antapani,-6.9150386,107.6658677
GOR C-TRA,-6.8938915,107.6402639
Nurul Fikri Cikutra,-6.8925226,107.6347952
SMA Negeri 24 Bandung,-6.908574,107.6884188
Seberang Kantor Kecamatan Antapani,-6.9038407,107.6644191
Simpang Inhoftank,-6.94776,107.6022262
Masjid Saifuddaulah,-6.9147461,107.6051306
Jalan Beunteur,-6.933728,107.6195653
Jalan Nilem V,-6.9362075,107.6218898
Samsat Pajajaran,-6.9068349,107.5937469
Taman Sumringah,-6.955047,107.6941207
Jalan Kasim,-6.9220491,107.6141767
Jalan Johar,-6.9117278,107.6278715
Seberang Jalan Kayuagung II,-6.9453058,107.6306095
Kantor PLN Jalan Karawitan,-6.938528,107.6284862
Jalan Guntur Madu,-6.937582,107.6267266
Simpang Asmarandana - Maskumambang,-6.9357365,107.6259721
Dinas Ketenagakerjaan Kota Bandung,-6.9329757,107.6266685
Seberang SD Al-Azhar 36 Bandung,-6.9273912,107.6233363
Taman Pers Malabar 1,-6.925787,107.6234132
Simpang Malabar Gatot Subroto 1,-6.9233879,107.6243589
Simpang Naripan Sunda,-6.921729,107.6176238
SPBU Jalan Sunda,-6.9164943,107.6181912
Simpang Banda - Belitung,-6.9114955,107.6170891
Simpang Bangka - Belitung,-6.9116948,107.6193298
Simpang Menado - Aceh 1,-6.9097868,107.6209331
Polsek Bandung Wetan 1,-6.9084928,107.6214078
Pasar Cihapit 1,-6.9078014,107.6228638
Simpang Brantas Cihapit 1,-6.9066548,107.6242683
Taman Cibeunying Selatan,-6.9045436,107.6238314
Simpang Cilaki - Cimanuk,-6.9029561,107.6213006
Museum Pos Indonesia,-6.9019092,107.6199461
Gedung Sate,-6.9014576,107.6173506
Taman Segitiga Trunojoyo 1,-6.9020881,107.6153596
Simpang Sultan Tirtayasa - Trunojoyo 1,-6.9026664,107.614058
Jalan Sultan Agung,-6.9044807,107.6123659
Taman Pertigaan Pujasera,-6.9093357,107.612233
Polrestabes Bandung 1,-6.9146832,107.611612
Simpang Kejaksaan - Markoni,-6.9185063,107.6112439
Jalan Braga Gang Cikapundung,-6.9178461,107.6093947
Suniaraja Braga,-6.9161827,107.6079838
Banceuy Suniaraja,-6.915658,107.6058211
Pasar Baru ABC,-6.9184052,107.6048509
Simpang Banceuy - ABC,-6.9189084,107.6070042
Polrestabes Bandung 2,-6.9145594,107.6116738
Seberang SMP Negeri 2 Bandung,-6.9136201,107.6134632
Paguyuban Pasundan,-6.9113208,107.6125214
Dinas Arsip dan Perpustakaan Kota Bandung,-6.9084121,107.6134452
Jalan Trunojoyo Riau Junction,-6.9063176,107.6126748
Simpang Sultan Tirtayasa - Trunojoyo 2,-6.9031524,107.613438
Taman Segitiga Trunojoyo 2,-6.9020021,107.6152506
Seberang Gedung Sate,-6.9011921,107.6175483
Simpang Cisangkuy - Cimanuk,-6.902942,107.6222778
Simpang Cisangkuy - Citarum,-6.903513,107.623898
Taman Cibeunying Utara,-6.9046471,107.6244523
Simpang Brantas Cihapit 2,-6.9067733,107.6243252
Pasar Cihapit 2,-6.9078879,107.6229075
Polsek Bandung Wetan 2,-6.9083314,107.6215571
Simpang Menado - Aceh 2,-6.9098693,107.6210402
Simpang Menado - Belitung,-6.91225,107.6201483
Simpang Menado - Gudang Utara,-6.9152634,107.6193866
Simpang Jawa - Sunda,-6.9157989,107.6174777
Seberang SMP Negeri 5 Bandung,-6.9151846,107.6144795
Simpang Sumatera - Natuna,-6.9172219,107.6136188
Simpang Embong - Veteran,-6.919936,107.6155793
Simpang Veteran -Sunda,-6.9206701,107.6185682
Seberang SMK Negeri 15 Bandung,-6.9224622,107.6187771
Simpang Gatot Subroto - Guntur,-6.9228054,107.6212105
Simpang Malabar - Gatot Subroto 2,-6.9240888,107.6243079
Seberang Dinas Ketenagakerjaan Kota Bandung,-6.9327915,107.6265121
Sesko TNI,-6.9334024,107.6288798
Simpang Reog - Martanegara,-6.9346225,107.6325883
Jalan Reog,-6.9370797,107.632131
Kantor Kelurahan Turangga,-6.9394412,107.6310884
Jalan Kayuagung II,-6.944939,107.6304936
Jalan Guntursari Wetan,-6.9465077,107.6319841
Simpang Naripan Tamblong,-6.9201897,107.6128122
Frontone Hotel,-6.9293945,107.5876023
Taman Derwati,-6.9644169,107.6787233
SD Negeri 184 Buah Batu,-6.9509159,107.6410443
Tugu Pasar Kordon,-6.9537874,107.6402292
Kordon,-6.9552108,107.6392966
Terminal Angkot Buah Batu-GBA,-6.9544015,107.6402652
Yonzipur 9,-6.9132391,107.6939955
Seberang Borma Dakota,-6.8907681,107.5722209
SPBU Sesko TNI,-6.9331037,107.6278139
Mahawarman,-6.8989499,107.6163732
Baltos,-6.8995727,107.6099709
Diskominfo Jawa Barat,-6.8962327,107.6094744
Gang Cinta Asih Selatan,-6.9213435,107.6308228
Samoja-Laswi,-6.9212885,107.6305937
Museum Kavaleri,-6.9252863,107.6304835
Seberang Museum Kavaleri,-6.925151,107.6304502
Jalan Warta,-6.9257323,107.6326466
Trans Studio Mall,-6.9270367,107.6350631
Macan - Lodaya 1,-6.9291355,107.6195737
Macan - Lodaya 2,-6.9290667,107.6196553
Seberang SD Negeri 115 Turangga,-6.9314202,107.6349339
SD Negeri 115 Turangga,-6.9316148,107.6349962
Simpang Turangga-Salak,-6.9292838,107.6355005
Taman Tri G,-6.9344845,107.6344511
Jalan RH Hasan Saputra Raya,-6.9360059,107.6348403
Salendro Utara - Salendro Raya,-6.9379893,107.6348313
Nayaga - Salendro Raya,-6.9392806,107.6345244
Nayaga - Bongo,-6.9385485,107.6330329
Asmarandana - Reog,-6.9378163,107.6313682
Asmarandana - Gamelan,-6.9370304,107.6297583
Asmarandana - Guntur Madu,-6.9361756,107.6276762
Simpang Asmarandana - Maskumambang 2,-6.9355667,107.6264074
Banteng Dalam - Lodaya 1,-6.9320035,107.6246297
Banteng Dalam - Lodaya 2,-6.9316044,107.6241151
Pasar Bunga Palasari 1,-6.9312037,107.6228834
Pasar Bunga Palasari 2,-6.9311353,107.6229791
Lapangan Lodaya,-6.9306021,107.6213967
Seberang Lapangan Lodaya,-6.9302554,107.6209499
Simpang Burangrang - Halimun,-6.9257234,107.6195558
Jalan Emong - BPI,-6.9251726,107.618957
Gedung Merdeka,-6.921434,107.6090687
Banceuy - Pecinan Lama,-6.917636,107.6063527
Aceh - Kebon Sirih Dalam,-6.9104474,107.6073165
Polsek Sumur Bandung,-6.9107463,107.6059
Gedung Pakuan - Kebon Sirih,-6.9123957,107.605597
SMP Negeri 1 Bandung,-6.9120531,107.5964581
Masjid Jami Miftahul Khaer Jalan Bima,-6.9113468,107.5948687
Landmark Residence Bima,-6.910955,107.5926624
Kantor Kelurahan Arjuna,-6.9090473,107.5920216
Seberang Jalan Simpang Industri,-6.9097881,107.5908225
Jalan Simpang Industri,-6.9098188,107.5908859
Alun-alun Cicendo 2,-6.9111,107.5896374
Alun-alun Cicendo1,-6.9111611,107.5896747
Seberang Gang 5 Ciroyom,-6.9126903,107.5859659
Gang 5 Ciroyom,-6.9126689,107.5857048
Simpang Andir - Ciroyom 1,-6.9109008,107.5831516
Simpang Andir - Ciroyom 2,-6.9108569,107.5832188
Gang Moh. 1,-6.9095072,107.5810404
Seberang Gang Moh. 1,-6.909471,107.5811101
Stasiun Andir 1,-6.908407,107.5794285
Stasiun Andir 2,-6.9083655,107.5794953
Simpang Garuda - Dadali,-6.9109426,107.578089
Seberang Puskesmas Garuda,-6.9116242,107.5773063
Simpang Dadali - Flamingo,-6.9107079,107.5751173
Institut Kesehatan Rajawali,-6.9117008,107.5731023
Simpang Garuda - Rajawali Timur,-6.9127524,107.5777452
Istana Plaza Pajajaran,-6.9064586,107.5960498
Moch. Yunus - Pajajaran,-6.9071393,107.5995747
Gang Moch. Mesri Dalam,-6.9089279,107.6004618
H. Mesri - H. Moh. Iskat,-6.9104981,107.6007547
Simpang H. Mesri - Kebon Kawung 2,-6.9121392,107.6006861
Gedong Sembilan - Pasir Kaliki,-6.9128148,107.5981035
Seberang Paskal 23,-6.9155074,107.598251
Taman Braga,-6.9200613,107.6100205
Jalan Alun-alun Timur,-6.9219561,107.6077447
Kantor Kelurahan Balong Gede,-6.9240087,107.6077946
Samping SMP Negeri 43 Bandung,-6.9253573,107.6072303
Sekolah Assalaam,-6.9258334,107.6078692
Simpang Sasak Gantung - Pasundan,-6.926021,107.6097229
Gang Sasak Gantung IV,-6.9260934,107.611208
Monumen Pertempuran Lengkong Besar,-6.9271849,107.6133183
Cikawao - Melong Kaler,-6.9279025,107.6147992
Simpang Cikawao - Karapitan,-6.9288971,107.6169137
Sadakeling - Wiradisastra,-6.92813,107.6186271
Seberang Sekolah BPI,-6.9237698,107.6200414
Pangkalan Angkot Rajawali,-6.9132205,107.5761377
RSIA Limijati,-6.9067312,107.6132892
Jalan Gurame,-6.9315646,107.617036
Holis 266,-6.9295291,107.5733628
Holis Sumbersari Indah,-6.9333483,107.5717183
Golkar Jawa Barat,-6.9338213,107.6269347
BPK Penabur Banda,-6.9054334,107.6165565
SMA Negeri 20 Bandung,-6.9042456,107.6226252
Sarijati I,-6.9550858,107.6486389
SD Negeri 189 Neglasari,-6.8885585,107.6253191
IFI Bandung,-6.9079426,107.6094279
Terminal Ciroyom,-6.9139427,107.587723
Jalan Entit,-6.9287218,107.6005026
Pajajaran Sadewa,-6.9070478,107.5916758
Pangkalan Elf Cibeureum,-6.9104229,107.5689564
Gang Kaum Tengah,-6.9214387,107.6041101
Simpang Kalipah Apo,-6.924181,107.6039274
SPBU Karasak Utara,-6.9480595,107.6072386
Simpang Aceh Tongkeng,-6.9098128,107.6239515
Emily Cynthia,-6.9622672,107.697241
Amanda Btari,-6.9590098,107.6927478
Flora,-6.9570551,107.7031192
Gerbang Merah GBLA 1,-6.9592224,107.7137188
Gerbang Merah GBLA 2,-6.9590337,107.7127751
Gerbang Biru GBLA 1,-6.9569784,107.7105907
Gerbang Biru GBLA 2,-6.9569173,107.7107862
Stasiun Cimekar 1,-6.9484268,107.7099149
Damri Bandung,-6.9373619,107.6857831
Dinas Koperasi Provinsi Jawa Barat,-6.9376858,107.6859132
Dinas Kehutanan Provinsi Jawa Barat,-6.9383095,107.6724954
Cidurian 2,-6.9411706,107.6546716
Cijawura,-6.9439289,107.6470335
Binong,-6.9326913,107.6428691
Kebon Jukut 2,-6.9136783,107.6047044
Kebon Jukut 1,-6.9138345,107.6045229
SMK Negeri 15 Bandung,-6.9225919,107.6185638
Guntur 2,-6.9229315,107.6221045
Guntur 1,-6.923117,107.6221395
Malabar 1,-6.9240334,107.6253027
Malabar 2,-6.9239124,107.6252966
Stasiun Kiaracondong,-6.9239837,107.6445122
Seberang Stasiun Kiaracondong,-6.9240296,107.6443499
Pagarsih,-6.9220328,107.5862704
Ciateul,-6.9337334,107.6064215
Kebonwaru,-6.9144186,107.6387864
